timestamp,temperature_c,humidity_percent
2026-05-05T10:10:41,20.3,66.2
2026-05-05T10:24:33,19.8,59.8
2026-05-05T10:39:33,19.8,60.1
2026-05-05T10:54:34,20.0,60.1
2026-05-05T11:09:34,20.1,60.2
2026-05-05T11:24:34,20.2,60.0
2026-05-05T11:39:34,20.2,59.8
2026-05-05T11:54:35,20.3,59.6
2026-05-05T12:09:35,20.4,59.4
2026-05-05T12:24:35,20.2,59.9
2026-05-05T12:39:36,20.2,60.0
2026-05-05T12:54:36,20.5,59.7
2026-05-05T13:09:36,20.6,59.3
2026-05-05T13:24:36,20.8,59.1
2026-05-05T13:39:37,20.7,59.3
2026-05-05T13:54:37,20.7,59.5
2026-05-05T14:09:37,20.7,59.8
2026-05-05T14:24:37,21.0,59.7
2026-05-05T14:39:38,21.1,59.7
2026-05-05T14:54:38,21.3,59.8
2026-05-05T15:09:38,21.4,59.5
2026-05-05T15:24:38,21.5,60.6
2026-05-05T15:39:39,21.4,59.8
2026-05-05T15:54:39,21.6,59.6
2026-05-05T16:09:39,21.8,59.5
2026-05-05T16:24:39,21.9,59.4
2026-05-05T16:39:40,22.0,59.1
2026-05-05T16:54:40,22.1,59.1
2026-05-05T17:09:40,22.1,59.1
2026-05-05T17:24:40,22.2,58.9
2026-05-05T17:39:41,22.3,58.8
2026-05-05T17:54:41,22.3,58.5
2026-05-05T18:09:41,22.4,58.6
2026-05-05T18:24:41,22.4,58.6
2026-05-05T18:39:42,22.4,58.3
2026-05-05T18:54:42,22.5,58.4
2026-05-05T19:09:42,22.5,58.4
2026-05-05T19:24:42,22.5,58.6
2026-05-05T19:39:43,22.5,58.7
2026-05-05T19:54:43,22.8,58.5
2026-05-05T20:09:43,22.9,57.9
2026-05-05T20:24:43,23.0,58.0
2026-05-05T20:39:44,23.0,57.8
2026-05-05T20:54:44,23.1,57.8
2026-05-05T21:09:44,23.1,57.6
2026-05-05T21:24:44,23.0,57.4
2026-05-05T21:39:45,23.0,57.4
2026-05-05T21:54:45,22.9,57.7
2026-05-05T22:09:45,22.7,57.8
2026-05-05T22:24:45,22.4,58.4
2026-05-05T22:39:46,22.3,58.6
2026-05-05T22:54:46,22.1,58.6
2026-05-05T23:09:46,22.0,58.5
2026-05-05T23:24:46,21.9,58.3
2026-05-05T23:39:47,21.8,58.1
2026-05-05T23:54:47,21.7,58.1
2026-05-06T00:09:47,21.7,58.1
2026-05-06T00:24:48,21.6,58.2
2026-05-06T00:39:48,21.5,58.2
2026-05-06T00:54:48,21.4,58.0
2026-05-06T01:09:48,21.4,58.1
2026-05-06T01:24:51,21.3,58.0
2026-05-06T01:39:51,21.2,57.9
2026-05-06T01:54:51,21.2,57.9
2026-05-06T02:09:52,21.1,57.9
2026-05-06T02:24:52,21.0,58.0
2026-05-06T02:39:52,21.0,58.0
2026-05-06T02:54:52,20.9,58.0
2026-05-06T03:09:53,20.8,58.0
2026-05-06T03:24:53,20.8,57.9
2026-05-06T03:39:53,20.7,57.8
2026-05-06T03:54:53,20.7,57.9
2026-05-06T04:09:54,20.6,58.1
2026-05-06T04:24:54,20.6,58.0
2026-05-06T04:39:54,20.5,58.1
2026-05-06T04:54:54,20.5,58.0
2026-05-06T05:09:55,20.5,58.3
2026-05-06T05:24:55,20.4,58.1
2026-05-06T05:39:55,20.4,59.0
2026-05-06T05:54:55,20.5,59.8
2026-05-06T06:09:56,20.5,59.6
2026-05-06T06:24:56,20.5,59.6
2026-05-06T06:39:56,20.4,59.5
2026-05-06T06:54:56,20.4,59.5
2026-05-06T07:09:57,20.3,60.4
2026-05-06T07:24:57,20.3,61.6
2026-05-06T07:39:57,20.3,61.9
2026-05-06T07:54:57,20.3,61.9
2026-05-06T08:09:58,20.3,62.0
2026-05-06T08:24:58,20.3,62.0
2026-05-06T08:40:00,20.4,62.4
2026-05-06T08:55:01,20.3,62.5
2026-05-06T09:10:01,20.3,62.3
2026-05-06T09:25:01,20.3,61.8
2026-05-06T09:40:01,20.3,61.7
2026-05-06T09:55:02,20.3,61.7
2026-05-06T10:10:02,20.3,61.5
2026-05-06T10:25:02,20.3,61.2
2026-05-06T10:40:02,20.3,61.0
2026-05-06T10:55:03,20.3,60.8
2026-05-06T11:10:03,20.3,60.6
2026-05-06T11:25:03,20.3,60.4
2026-05-06T11:40:03,20.3,60.2
2026-05-06T11:55:04,20.3,60.0
2026-05-06T12:10:04,20.2,60.0
2026-05-06T12:25:04,20.3,59.8
2026-05-06T12:40:04,20.3,59.7
2026-05-06T12:55:05,20.2,59.6
2026-05-06T13:10:05,20.2,59.5
2026-05-06T13:25:05,20.2,59.5
2026-05-06T13:40:06,20.2,59.5
2026-05-06T13:55:06,20.2,59.9
2026-05-06T14:10:06,20.2,59.8
2026-05-06T14:25:06,20.3,60.5
2026-05-06T14:40:07,20.3,60.6
2026-05-06T14:55:07,20.3,60.5
2026-05-06T15:10:07,20.2,60.5
2026-05-06T15:25:07,20.2,60.6
2026-05-06T15:40:10,20.2,61.0
2026-05-06T15:55:10,20.2,61.0
2026-05-06T16:10:10,20.1,61.1
2026-05-06T16:25:11,20.2,61.2
2026-05-06T16:40:11,20.2,61.3
2026-05-06T16:55:11,20.1,61.5
2026-05-06T17:10:11,20.1,61.6
2026-05-06T17:25:12,20.2,61.9
2026-05-06T17:40:12,20.3,61.9
2026-05-06T17:55:12,20.4,61.9
2026-05-06T18:10:12,20.4,62.0
2026-05-06T18:25:13,20.7,61.8
2026-05-06T18:40:13,20.9,61.1
2026-05-06T18:55:13,21.0,60.7
2026-05-06T19:10:13,21.1,60.4
2026-05-06T19:25:14,21.2,60.0
2026-05-06T19:40:14,21.2,60.1
2026-05-06T19:55:14,21.3,60.3
2026-05-06T20:10:14,21.4,60.4
2026-05-06T20:25:15,21.3,60.3
2026-05-06T20:40:17,21.4,61.1
2026-05-06T20:55:17,21.3,61.1
2026-05-06T21:10:18,21.3,61.3
2026-05-06T21:25:18,21.3,61.5
2026-05-06T21:40:18,21.1,61.8
2026-05-06T21:55:18,20.8,61.9
2026-05-06T22:10:19,20.7,62.0
2026-05-06T22:25:19,20.6,62.1
2026-05-06T22:40:19,20.5,62.1
2026-05-06T22:55:19,20.4,62.1
2026-05-06T23:10:20,20.3,62.1
2026-05-06T23:25:22,20.2,62.2
2026-05-06T23:40:22,20.2,62.2
2026-05-06T23:55:23,20.1,62.1
2026-05-07T00:10:23,20.1,62.2
2026-05-07T00:25:23,20.0,62.1
2026-05-07T00:40:23,20.0,62.1
2026-05-07T00:55:24,19.9,62.1
2026-05-07T01:10:24,19.9,62.0
2026-05-07T01:25:24,19.9,62.0
2026-05-07T01:40:25,19.8,61.9
2026-05-07T01:55:25,19.8,61.7
2026-05-07T02:10:25,19.8,61.7
2026-05-07T02:25:25,19.7,61.6
2026-05-07T02:40:26,19.7,61.5
2026-05-07T02:55:26,19.7,61.3
2026-05-07T03:10:26,19.6,61.2
2026-05-07T03:25:26,19.6,61.0
2026-05-07T03:40:27,19.5,60.9
2026-05-07T03:55:27,19.5,60.8
2026-05-07T04:10:27,19.4,60.7
2026-05-07T04:25:27,19.4,60.6
2026-05-07T04:40:28,19.4,60.6
2026-05-07T04:55:28,19.4,60.4
2026-05-07T05:10:28,19.3,60.6
2026-05-07T05:25:28,19.3,60.8
2026-05-07T05:40:31,19.2,61.0
2026-05-07T05:55:31,19.2,60.9
2026-05-07T06:10:31,19.2,61.0
2026-05-07T06:25:32,19.2,61.0
2026-05-07T06:40:32,19.1,60.7
2026-05-07T06:55:32,19.1,60.7
2026-05-07T07:10:32,19.1,61.3
2026-05-07T07:25:33,19.0,60.9
2026-05-07T07:40:33,19.0,60.9
2026-05-07T07:55:33,19.0,61.1
2026-05-07T08:10:33,19.0,62.5
2026-05-07T08:25:34,19.1,62.1
2026-05-07T08:40:34,19.0,62.3
2026-05-07T08:55:34,19.0,62.1
2026-05-07T09:10:34,19.0,61.8
2026-05-07T09:25:35,19.0,61.5
2026-05-07T09:40:35,19.0,61.2
2026-05-07T09:55:35,18.9,61.2
2026-05-07T10:10:35,19.0,61.1
2026-05-07T10:25:36,19.0,60.9
2026-05-07T10:40:36,19.0,60.7
2026-05-07T10:55:36,19.0,60.4
2026-05-07T11:10:36,19.1,60.1
2026-05-07T11:25:37,19.1,59.7
2026-05-07T11:40:37,19.2,59.4
2026-05-07T11:55:37,19.2,58.9
2026-05-07T12:10:37,19.3,58.6
2026-05-07T12:25:38,19.3,58.2
2026-05-07T12:40:38,19.3,57.9
2026-05-07T12:55:38,19.4,57.5
2026-05-07T13:10:38,19.5,57.1
2026-05-07T13:25:39,19.5,56.9
2026-05-07T13:40:39,19.6,56.2
2026-05-07T13:55:39,19.6,55.8
2026-05-07T14:10:40,19.7,55.4
2026-05-07T14:25:40,19.8,55.5
2026-05-07T14:40:40,19.9,56.1
2026-05-07T14:55:40,20.0,55.9
2026-05-07T15:10:41,20.0,55.3
2026-05-07T15:25:41,20.0,54.4
2026-05-07T15:40:41,20.1,53.7
2026-05-07T15:55:41,20.2,53.3
2026-05-07T16:10:42,20.2,52.4
2026-05-07T16:25:42,20.3,51.5
2026-05-07T16:40:42,20.4,51.4
2026-05-07T16:55:42,20.4,50.2
2026-05-07T17:10:43,20.8,49.6
2026-05-07T17:25:43,21.0,48.5
2026-05-07T17:40:43,21.2,48.0
2026-05-07T17:55:43,21.4,47.5
2026-05-07T18:10:44,21.5,47.9
2026-05-07T18:25:44,21.6,47.8
2026-05-07T18:40:44,21.7,47.8
2026-05-07T18:55:44,21.8,47.5
2026-05-07T19:10:45,21.8,47.5
2026-05-07T19:25:45,21.8,47.3
2026-05-07T19:40:45,21.8,47.6
2026-05-07T19:55:45,21.9,47.8
2026-05-07T20:10:46,22.0,47.8
2026-05-07T20:25:46,21.6,49.1
2026-05-07T20:40:46,21.4,49.7
2026-05-07T20:55:46,21.2,50.0
2026-05-07T21:10:47,21.2,50.3
2026-05-07T21:25:47,21.1,50.8
2026-05-07T21:40:47,21.0,51.2
2026-05-07T21:55:47,20.9,51.5
2026-05-07T22:10:48,20.8,51.7
2026-05-07T22:25:48,20.7,51.8
2026-05-07T22:40:48,20.6,51.9
2026-05-07T22:55:48,20.5,52.1
2026-05-07T23:10:49,20.4,52.3
2026-05-07T23:25:49,20.3,52.4
2026-05-07T23:40:49,20.2,52.6
2026-05-07T23:55:49,20.1,52.6
2026-05-08T00:10:50,20.0,52.8
2026-05-08T00:25:50,19.9,52.9
2026-05-08T00:40:50,19.8,52.9
2026-05-08T00:55:50,19.7,53.0
2026-05-08T01:10:51,19.6,53.2
2026-05-08T01:25:51,19.6,53.2
2026-05-08T01:40:51,19.5,53.4
2026-05-08T01:55:51,19.4,53.4
2026-05-08T02:10:52,19.3,53.4
2026-05-08T02:25:52,19.2,53.6
2026-05-08T02:40:52,19.1,53.7
2026-05-08T02:55:52,19.1,53.8
2026-05-08T03:10:53,19.0,53.8
2026-05-08T03:25:53,18.9,53.7
2026-05-08T03:40:53,18.8,53.7
2026-05-08T03:55:54,18.8,53.7
2026-05-08T04:10:54,18.7,53.7
2026-05-08T04:25:54,18.7,53.6
2026-05-08T04:40:54,18.6,53.5
2026-05-08T04:55:55,18.5,53.3
2026-05-08T05:10:55,18.5,54.2
2026-05-08T05:25:55,18.5,55.3
2026-05-08T05:40:55,18.6,55.9
2026-05-08T05:55:56,18.5,55.9
2026-05-08T06:10:56,18.5,56.3
2026-05-08T06:25:56,18.5,56.0
2026-05-08T06:40:56,18.4,55.9
2026-05-08T06:55:57,18.4,56.3
2026-05-08T07:10:57,18.5,58.1
2026-05-08T07:25:57,18.5,60.3
2026-05-08T07:40:57,18.5,60.0
2026-05-08T07:55:58,18.4,59.5
2026-05-08T08:10:58,18.4,59.2
2026-05-08T08:25:58,18.4,59.0
2026-05-08T08:40:58,18.4,58.6
2026-05-08T08:55:59,18.4,58.2
2026-05-08T09:10:59,18.4,57.8
2026-05-08T09:25:59,18.4,57.3
2026-05-08T09:40:59,18.3,57.2
2026-05-08T09:56:00,18.3,56.9
2026-05-08T10:11:00,18.4,56.6
2026-05-08T10:26:00,18.4,56.4
2026-05-08T10:41:00,18.4,56.2
2026-05-08T10:56:01,18.5,55.9
2026-05-08T11:11:01,18.5,55.6
2026-05-08T11:26:01,18.6,55.1
2026-05-08T11:41:01,18.6,55.0
2026-05-08T11:56:02,18.7,54.7
2026-05-08T12:11:02,18.8,54.2
2026-05-08T12:26:02,18.8,53.9
2026-05-08T12:41:02,18.9,53.7
2026-05-08T12:56:03,19.0,53.4
2026-05-08T13:11:03,19.0,53.0
2026-05-08T13:26:03,19.1,52.8
2026-05-08T13:41:03,19.2,52.6
2026-05-08T13:56:04,19.2,52.3
2026-05-08T14:11:04,19.3,52.1
2026-05-08T14:26:04,19.4,52.1
2026-05-08T14:41:04,19.5,52.1
2026-05-08T14:56:05,19.5,52.4
2026-05-08T15:11:05,19.6,52.5
2026-05-08T15:26:05,19.7,52.6
2026-05-08T15:41:05,19.8,52.6
2026-05-08T15:56:06,19.9,53.3
2026-05-08T16:11:06,20.0,53.6
2026-05-08T16:26:06,20.1,53.8
2026-05-08T16:41:06,20.5,52.6
2026-05-08T16:56:07,20.6,51.8
2026-05-08T17:11:07,20.8,51.7
2026-05-08T17:26:07,20.9,51.8
2026-05-08T17:41:08,20.9,51.6
2026-05-08T17:56:08,20.9,51.6
2026-05-08T18:11:08,21.0,51.4
2026-05-08T18:26:08,21.1,51.1
2026-05-08T18:41:09,21.1,51.2
2026-05-08T18:56:09,21.0,51.2
2026-05-08T19:11:09,21.1,51.2
2026-05-08T19:26:09,21.1,50.3
2026-05-08T19:41:10,21.1,50.4
2026-05-08T19:56:10,21.3,52.5
2026-05-08T20:11:10,21.4,52.6
2026-05-08T20:26:10,21.4,53.2
2026-05-08T20:41:11,21.3,53.8
2026-05-08T20:56:11,21.3,53.9
2026-05-08T21:11:11,21.3,54.2
2026-05-08T21:26:11,21.4,54.1
2026-05-08T21:41:12,21.3,54.3
2026-05-08T21:56:12,21.0,54.5
2026-05-08T22:11:12,20.7,54.6
2026-05-08T22:26:12,20.5,55.0
2026-05-08T22:41:15,20.2,55.0
2026-05-08T22:56:15,20.2,54.9
2026-05-08T23:11:15,20.1,55.0
2026-05-08T23:26:16,20.0,55.2
2026-05-08T23:41:16,19.9,55.4
2026-05-08T23:56:16,19.9,55.3
2026-05-09T00:11:16,19.8,55.2
2026-05-09T00:26:17,19.7,55.4
2026-05-09T00:41:17,19.6,55.4
2026-05-09T00:56:17,19.5,55.5
2026-05-09T01:11:17,19.5,55.6
2026-05-09T01:26:18,19.4,55.6
2026-05-09T01:41:18,19.3,55.5
2026-05-09T01:56:18,19.2,55.7
2026-05-09T02:11:18,19.2,55.6
2026-05-09T02:26:19,19.1,55.7
2026-05-09T02:41:19,19.0,55.8
2026-05-09T02:56:19,19.0,55.8
2026-05-09T03:11:19,19.0,55.7
2026-05-09T03:26:20,18.9,55.7
2026-05-09T03:41:20,18.9,55.8
2026-05-09T03:56:20,18.8,55.8
2026-05-09T04:11:20,18.8,55.8
2026-05-09T04:26:21,18.8,55.9
2026-05-09T04:41:21,18.7,55.9
2026-05-09T04:56:21,18.7,55.9
2026-05-09T05:11:21,18.7,55.8
2026-05-09T05:26:22,18.6,56.0
2026-05-09T05:41:22,18.6,55.9
2026-05-09T05:56:22,18.5,55.9
2026-05-09T06:11:23,18.5,56.1
2026-05-09T06:26:23,18.5,56.3
2026-05-09T06:41:23,18.6,56.7
2026-05-09T06:56:23,18.5,57.9
2026-05-09T07:11:24,18.6,59.3
2026-05-09T07:26:24,18.7,60.0
2026-05-09T07:41:24,18.8,62.5
2026-05-09T07:56:24,18.8,63.4
2026-05-09T08:11:25,18.9,65.0
2026-05-09T08:26:25,18.9,64.8
2026-05-09T08:41:25,18.9,65.6
2026-05-09T08:56:25,18.9,65.6
2026-05-09T09:11:26,18.9,65.1
2026-05-09T09:26:26,18.9,64.7
2026-05-09T09:41:26,18.9,64.3
2026-05-09T09:56:26,18.8,64.1
2026-05-09T10:11:27,18.9,63.8
2026-05-09T10:26:27,18.9,63.5
2026-05-09T10:41:27,18.9,63.0
2026-05-09T10:56:27,18.9,62.8
2026-05-09T11:11:28,18.9,62.6
2026-05-09T11:26:28,19.0,62.3
2026-05-09T11:41:28,19.0,62.1
2026-05-09T11:56:28,19.0,61.9
2026-05-09T12:11:29,19.1,61.8
2026-05-09T12:26:29,19.1,61.6
2026-05-09T12:41:29,19.2,61.4
2026-05-09T12:56:29,19.2,61.5
2026-05-09T13:11:30,19.3,61.5
2026-05-09T13:26:30,19.4,61.5
2026-05-09T13:41:30,19.5,61.5
2026-05-09T13:56:30,19.6,61.2
2026-05-09T14:11:31,19.8,60.8
2026-05-09T14:26:31,20.1,60.1
2026-05-09T14:41:31,20.2,60.0
2026-05-09T14:56:31,20.3,60.0
2026-05-09T15:11:32,20.4,59.9
2026-05-09T15:26:32,20.4,59.8
2026-05-09T15:41:32,20.5,59.7
2026-05-09T15:56:32,20.6,59.5
2026-05-09T16:11:33,20.6,59.5
2026-05-09T16:26:33,20.7,59.5
2026-05-09T16:41:33,20.7,59.2
2026-05-09T16:56:33,20.7,59.4
2026-05-09T17:11:34,20.7,59.1
2026-05-09T17:26:34,20.7,58.5
2026-05-09T17:41:34,20.7,58.0
2026-05-09T17:56:34,20.8,58.8
2026-05-09T18:11:35,20.9,59.1
2026-05-09T18:26:35,20.7,59.8
2026-05-09T18:41:35,20.7,60.0
2026-05-09T18:56:35,20.7,60.2
2026-05-09T19:11:36,20.7,60.3
2026-05-09T19:26:36,20.7,60.1
2026-05-09T19:41:36,20.7,60.3
2026-05-09T19:56:37,20.7,60.4
2026-05-09T20:11:37,20.7,60.3
2026-05-09T20:26:37,20.7,60.4
2026-05-09T20:41:37,20.7,60.4
2026-05-09T20:56:38,20.7,60.1
2026-05-09T21:11:40,20.8,60.3
2026-05-09T21:26:40,20.8,60.3
2026-05-09T21:41:41,20.7,60.7
2026-05-09T21:56:41,20.6,60.8
2026-05-09T22:11:41,20.3,61.2
2026-05-09T22:26:41,20.1,61.5
2026-05-09T22:41:42,20.0,61.6
2026-05-09T22:56:42,19.8,61.6
2026-05-09T23:11:42,19.8,61.6
2026-05-09T23:26:42,19.7,61.7
2026-05-09T23:41:43,19.6,62.1
2026-05-09T23:56:43,19.6,62.2
2026-05-10T00:11:43,19.5,62.4
2026-05-10T00:26:43,19.5,62.3
2026-05-10T00:41:44,19.4,62.6
2026-05-10T00:56:44,19.3,62.8
2026-05-10T01:11:44,19.3,62.6
2026-05-10T01:26:44,19.2,62.5
2026-05-10T01:41:45,19.2,62.5
2026-05-10T01:56:45,19.1,62.4
2026-05-10T02:11:45,19.1,62.5
2026-05-10T02:26:45,19.0,62.5
2026-05-10T02:41:46,19.0,62.5
2026-05-10T02:56:46,19.0,62.5
2026-05-10T03:11:46,19.0,62.5
2026-05-10T03:26:46,18.9,62.4
2026-05-10T03:41:47,18.9,62.5
2026-05-10T03:56:47,18.8,62.3
2026-05-10T04:11:47,18.8,62.4
2026-05-10T04:26:47,18.8,62.4
2026-05-10T04:41:48,18.7,62.4
2026-05-10T04:56:48,18.7,62.2
2026-05-10T05:11:48,18.7,62.3
2026-05-10T05:26:48,18.7,62.3
2026-05-10T05:41:49,18.6,62.2
2026-05-10T05:56:49,18.6,62.1
2026-05-10T06:11:49,18.6,62.1
2026-05-10T06:26:49,18.6,62.0
2026-05-10T06:41:50,18.5,61.9
2026-05-10T06:56:50,18.5,61.9
2026-05-10T07:11:50,18.5,62.3
2026-05-10T07:26:50,18.6,62.5
2026-05-10T07:41:51,18.8,66.1
2026-05-10T07:56:51,18.9,66.5
2026-05-10T08:11:51,18.8,66.7
2026-05-10T08:26:51,18.8,66.8
2026-05-10T08:41:52,18.8,66.7
2026-05-10T08:56:52,18.8,66.6
2026-05-10T09:11:52,18.8,66.7
2026-05-10T09:26:53,18.8,66.6
2026-05-10T09:41:53,18.7,66.4
2026-05-10T09:56:53,18.7,66.3
2026-05-10T10:11:53,18.8,65.9
2026-05-10T10:26:54,18.8,65.8
2026-05-10T10:41:54,18.8,65.6
2026-05-10T10:56:54,18.8,65.4
2026-05-10T11:11:54,18.8,65.4
2026-05-10T11:26:55,18.8,65.2
2026-05-10T11:41:55,18.9,65.1
2026-05-10T11:56:55,18.9,64.9
2026-05-10T12:11:55,18.9,64.6
2026-05-10T12:26:56,19.0,64.5
2026-05-10T12:41:56,19.1,64.3
2026-05-10T12:56:56,19.2,64.1
2026-05-10T13:11:56,19.3,64.1
2026-05-10T13:26:57,19.3,63.8
2026-05-10T13:41:57,19.4,63.6
2026-05-10T13:56:57,19.5,63.3
2026-05-10T14:11:57,19.6,63.1
2026-05-10T14:26:58,19.7,62.9
2026-05-10T14:41:58,19.7,62.5
2026-05-10T14:56:58,19.9,62.2
2026-05-10T15:11:58,19.9,62.0
2026-05-10T15:26:59,20.0,61.6
2026-05-10T15:41:59,20.1,61.3
2026-05-10T15:56:59,20.2,61.1
2026-05-10T16:11:59,20.3,61.0
2026-05-10T16:27:00,20.4,61.2
2026-05-10T16:42:00,20.6,60.9
2026-05-10T16:57:00,20.7,60.7
2026-05-10T17:12:00,20.8,60.4
2026-05-10T17:27:01,20.8,60.4
2026-05-10T17:42:01,20.8,60.5
2026-05-10T17:57:01,20.9,60.5
2026-05-10T18:12:01,20.9,60.2
2026-05-10T18:27:02,21.0,60.3
2026-05-10T18:42:02,21.0,60.2
2026-05-10T18:57:02,21.0,60.4
2026-05-10T19:12:02,21.0,60.5
2026-05-10T19:27:03,21.0,60.4
2026-05-10T19:42:03,21.0,60.2
2026-05-10T19:57:03,21.0,61.3
2026-05-10T20:12:03,21.2,60.2
2026-05-10T20:27:04,21.5,59.8
2026-05-10T20:42:04,21.7,60.0
2026-05-10T20:57:06,21.8,60.2
2026-05-10T21:12:07,21.8,60.3
2026-05-10T21:27:07,21.9,60.7
2026-05-10T21:42:07,21.9,60.7
2026-05-10T21:44:30,23.4,63.9
2026-05-25T14:19:12,23.4,64.3
2026-05-25T14:21:38,23.6,65.0
2026-05-25T14:26:49,22.8,68.0
2026-05-25T15:24:08,22.8,66.7
