timestamp,temperature_c,humidity_percent,soil1_value,soil1_voltage,soil2_value,soil2_voltage,soil3_value,soil3_voltage,soil4_value,soil4_voltage
2026-05-28T20:34:31,26.2,44.3,17581,2.195,13223,1.651,17718,2.212,14250,1.78
2026-05-30T11:50:42,20.6,37.3,21776,2.72,22714,2.837,22659,2.83,22653,2.829
2026-05-30T11:51:42,20.9,36.4,22091,2.759,22706,2.835,22662,2.831,22643,2.828
2026-05-30T11:52:21,21.0,36.2,22094,2.759,22710,2.836,22668,2.831,22647,2.829
2026-05-30T12:07:21,21.0,36.1,21781,2.72,22749,2.841,22708,2.836,22718,2.837
2026-05-30T12:22:22,21.1,36.9,21757,2.717,22753,2.841,22708,2.836,22702,2.835
2026-05-30T12:37:22,21.6,36.0,21764,2.718,22752,2.841,22703,2.836,22700,2.835
2026-05-30T12:52:22,21.9,35.1,21250,2.654,22737,2.839,22681,2.833,22661,2.83
2026-05-30T13:07:23,22.3,34.3,22570,2.819,22751,2.841,22718,2.837,22672,2.831
2026-05-30T13:22:23,21.8,34.2,22579,2.82,22750,2.841,22717,2.837,22679,2.832
2026-05-30T13:37:24,21.4,35.1,22578,2.82,22747,2.841,22717,2.837,22677,2.832
2026-05-30T13:52:24,21.2,34.9,22578,2.819,22744,2.84,22715,2.837,22676,2.832
2026-05-30T14:07:24,21.1,34.8,22572,2.819,22736,2.84,22709,2.836,22673,2.831
2026-05-30T14:22:25,21.0,35.0,22579,2.82,22744,2.84,22712,2.836,22675,2.832
2026-05-30T14:37:25,20.9,35.2,22571,2.819,22738,2.84,22710,2.836,22670,2.831
2026-05-30T14:52:25,20.8,35.6,22572,2.819,22744,2.841,22709,2.837,22682,2.831
2026-05-30T15:07:26,20.8,35.4,22563,2.818,22733,2.839,22708,2.836,22677,2.831
2026-05-30T15:22:26,20.7,35.1,22573,2.819,22739,2.84,22712,2.836,22677,2.832
2026-05-30T15:37:27,20.7,35.1,22572,2.819,22741,2.84,22714,2.836,22676,2.832
2026-05-30T15:52:27,20.7,35.6,22571,2.819,22736,2.84,22712,2.836,22674,2.832
2026-05-30T16:07:27,20.7,36.1,22561,2.817,22733,2.839,22705,2.836,22674,2.832
2026-05-30T16:22:28,20.7,36.4,22570,2.819,22739,2.84,22714,2.836,22674,2.832
2026-05-30T16:37:28,20.7,36.8,22572,2.819,22740,2.84,22714,2.837,22678,2.832
2026-05-30T16:52:28,20.8,37.0,22570,2.819,22742,2.84,22713,2.836,22678,2.832
2026-05-30T17:07:29,20.8,37.2,22562,2.817,22729,2.838,22700,2.835,22664,2.83
2026-05-30T17:22:29,20.8,37.7,22569,2.819,22741,2.84,22709,2.836,22673,2.831
2026-05-30T17:37:29,20.7,38.2,22571,2.819,22741,2.84,22713,2.836,22671,2.831
2026-05-30T17:52:30,20.6,38.3,22569,2.818,22738,2.84,22707,2.836,22671,2.831
2026-05-30T18:07:30,20.7,38.8,22568,2.818,22733,2.839,22700,2.835,22658,2.83
2026-05-30T18:22:31,20.7,38.8,22566,2.818,22738,2.839,22703,2.835,22670,2.831
2026-05-30T18:37:31,20.7,38.9,22571,2.819,22739,2.84,22711,2.836,22673,2.831
2026-05-30T18:52:31,20.7,38.9,22564,2.818,22735,2.839,22703,2.835,22669,2.831
2026-05-30T19:07:32,20.7,38.6,22567,2.818,22736,2.839,22701,2.835,22658,2.83
2026-05-30T19:22:32,20.6,38.2,22564,2.818,22734,2.839,22705,2.835,22665,2.83
2026-05-30T19:37:32,20.6,38.0,22568,2.818,22735,2.84,22706,2.836,22670,2.831
2026-05-30T19:52:33,20.5,37.6,22565,2.818,22733,2.839,22704,2.835,22669,2.831
2026-05-30T20:07:33,20.5,38.0,22565,2.818,22732,2.839,22702,2.836,22664,2.83
2026-05-30T20:22:33,20.4,38.1,22567,2.818,22738,2.839,22705,2.835,22667,2.83
2026-05-30T20:37:34,20.5,39.2,22566,2.818,22738,2.839,22704,2.836,22666,2.83
2026-05-30T20:52:34,20.5,39.2,22565,2.818,22735,2.839,22705,2.835,22662,2.83
2026-05-30T21:07:35,20.4,39.5,22562,2.818,22732,2.839,22698,2.835,22663,2.83
2026-05-30T21:22:35,20.4,39.6,22560,2.817,22730,2.839,22703,2.835,22662,2.83
2026-05-30T21:37:35,20.4,39.8,22559,2.817,22728,2.838,22700,2.834,22660,2.83
2026-05-30T21:52:36,20.3,40.3,22563,2.817,22729,2.838,22697,2.835,22657,2.83
2026-05-30T22:07:36,20.3,40.7,21642,2.703,22700,2.835,22658,2.829,22586,2.821
2026-05-30T22:22:36,22.6,37.3,21750,2.716,22714,2.837,22672,2.831,22609,2.823
2026-05-30T22:37:37,21.9,38.8,21772,2.719,22718,2.837,22675,2.832,22614,2.824
2026-05-30T22:52:37,21.7,39.4,21702,2.71,22719,2.837,22677,2.832,22622,2.825
2026-05-30T23:07:38,21.5,40.2,21504,2.685,22718,2.837,22678,2.832,22620,2.825
2026-05-30T23:22:38,21.0,41.1,21461,2.68,22712,2.836,22676,2.831,22619,2.825
2026-05-30T23:37:38,20.7,41.6,21446,2.678,22706,2.836,22670,2.831,22616,2.825
2026-05-30T23:52:39,20.5,41.7,21432,2.676,22706,2.836,22673,2.831,22619,2.825
2026-05-31T00:07:39,20.3,42.0,21425,2.676,22703,2.835,22667,2.831,22615,2.824
2026-05-31T00:22:39,20.2,42.3,21404,2.673,22701,2.835,22666,2.83,22615,2.824
2026-05-31T00:37:40,20.1,42.7,21398,2.672,22700,2.835,22663,2.83,22610,2.824
2026-05-31T00:52:40,20.0,43.1,21387,2.671,22699,2.835,22665,2.83,22614,2.824
2026-05-31T01:07:40,19.9,43.6,21404,2.673,22697,2.834,22658,2.83,22610,2.824
2026-05-31T01:22:41,19.8,43.8,21418,2.675,22697,2.835,22662,2.829,22610,2.824
2026-05-31T01:37:41,19.7,43.9,21425,2.676,22695,2.834,22654,2.83,22607,2.823
2026-05-31T01:52:42,19.6,44.1,21413,2.674,22689,2.833,22652,2.828,22602,2.822
2026-05-31T02:07:42,19.5,44.2,21406,2.673,22687,2.833,22652,2.829,22602,2.822
2026-05-31T02:22:42,19.5,44.5,21400,2.672,22685,2.833,22653,2.829,22601,2.822
2026-05-31T02:37:43,19.4,44.7,21394,2.672,22683,2.833,22645,2.829,22596,2.822
2026-05-31T02:52:43,19.3,44.9,21391,2.671,22683,2.833,22648,2.828,22597,2.822
2026-05-31T03:07:43,19.2,45.1,21390,2.671,22683,2.832,22644,2.828,22595,2.822
2026-05-31T03:22:44,19.1,45.2,21385,2.671,22683,2.833,22648,2.828,22594,2.822
2026-05-31T03:37:44,19.1,45.3,21385,2.671,22678,2.833,22641,2.827,22594,2.821
2026-05-31T03:52:45,19.0,45.2,21381,2.67,22678,2.832,22641,2.828,22592,2.821
2026-05-31T04:07:45,18.9,45.3,21381,2.67,22674,2.832,22635,2.827,22588,2.821
2026-05-31T04:22:45,18.9,45.3,21380,2.67,22675,2.832,22636,2.827,22589,2.821
2026-05-31T04:37:46,18.8,45.5,21381,2.67,22676,2.831,22638,2.827,22588,2.821
2026-05-31T04:52:46,18.7,45.7,21381,2.67,22673,2.832,22633,2.827,22586,2.82
2026-05-31T05:07:46,18.7,45.8,21377,2.669,22667,2.831,22626,2.826,22582,2.82
2026-05-31T05:22:47,18.6,45.9,21368,2.668,22668,2.831,22633,2.826,22582,2.82
2026-05-31T05:37:47,18.5,45.9,21369,2.668,22672,2.831,22635,2.826,22587,2.821
2026-05-31T05:52:47,18.5,46.0,21364,2.668,22669,2.831,22634,2.826,22583,2.82
2026-05-31T06:07:48,18.4,46.2,21370,2.669,22668,2.831,22629,2.827,22584,2.82
2026-05-31T06:22:48,18.3,46.3,21369,2.668,22661,2.831,22631,2.827,22577,2.82
2026-05-31T06:37:49,18.3,46.4,21365,2.668,22662,2.83,22632,2.826,22579,2.82
2026-05-31T06:52:49,18.3,47.3,21365,2.668,22667,2.831,22626,2.826,22581,2.82
2026-05-31T07:07:49,18.3,47.8,21325,2.663,22661,2.83,22627,2.825,22576,2.819
2026-05-31T07:22:50,18.3,47.6,21449,2.679,22663,2.83,22630,2.825,22579,2.82
2026-05-31T07:37:50,18.2,47.4,21450,2.679,22666,2.831,22626,2.826,22579,2.82
2026-05-31T07:52:50,18.2,47.8,21446,2.678,22662,2.83,22628,2.826,22577,2.819
2026-05-31T08:07:51,18.3,47.6,21448,2.678,22665,2.83,22627,2.826,22578,2.82
2026-05-31T08:22:51,18.2,47.6,21445,2.678,22667,2.831,22634,2.826,22580,2.82
2026-05-31T08:37:51,18.3,47.6,21437,2.677,22667,2.831,22629,2.826,22583,2.82
2026-05-31T08:52:52,18.4,48.4,21434,2.677,22666,2.831,22633,2.826,22583,2.82
2026-05-31T09:07:52,18.4,47.9,21494,2.684,22670,2.831,22634,2.826,22580,2.82
2026-05-31T09:22:53,18.4,46.0,21491,2.684,22669,2.831,22632,2.826,22585,2.82
2026-05-31T09:37:53,18.4,45.5,21493,2.684,22671,2.831,22638,2.827,22589,2.821
2026-05-31T09:52:53,18.5,45.0,21489,2.684,22669,2.831,22628,2.826,22587,2.821
2026-05-31T10:07:54,18.5,45.0,21480,2.683,22669,2.831,22629,2.825,22580,2.82
2026-05-31T10:22:54,18.6,44.6,21482,2.683,22673,2.831,22634,2.827,22587,2.82
2026-05-31T10:37:54,18.7,44.1,21475,2.682,22669,2.831,22633,2.826,22585,2.82
2026-05-31T10:52:55,18.8,43.7,21476,2.682,22673,2.832,22633,2.827,22588,2.821
2026-05-31T11:07:55,18.8,43.8,21473,2.682,22670,2.832,22631,2.827,22584,2.821
2026-05-31T11:22:56,18.9,43.2,21473,2.682,22676,2.832,22639,2.827,22591,2.821
2026-05-31T11:37:56,19.0,43.7,21471,2.681,22680,2.832,22641,2.828,22596,2.822
2026-05-31T11:52:56,19.1,42.8,21512,2.687,22679,2.832,22641,2.827,22596,2.822
2026-05-31T12:07:57,19.2,42.2,21513,2.687,22684,2.833,22647,2.828,22600,2.823
2026-05-31T12:22:57,19.3,41.7,21505,2.685,22680,2.832,22646,2.828,22598,2.822
2026-05-31T12:38:00,19.5,42.3,21507,2.686,22686,2.833,22649,2.828,22605,2.823
2026-05-31T12:53:00,19.5,42.3,21506,2.686,22688,2.833,22649,2.828,22605,2.823
2026-05-31T13:08:00,19.6,42.8,21502,2.685,22689,2.833,22653,2.828,22604,2.823
2026-05-31T13:23:01,19.7,44.5,21499,2.685,22689,2.833,22651,2.829,22607,2.823
2026-05-31T13:38:01,19.8,45.0,21566,2.693,22693,2.834,22653,2.829,22609,2.824
2026-05-31T13:53:01,19.9,46.9,21510,2.686,22697,2.835,22662,2.829,22612,2.824
2026-05-31T14:08:02,20.1,47.9,21512,2.687,22697,2.834,22656,2.829,22616,2.824
2026-05-31T14:23:02,20.2,48.1,21514,2.687,22697,2.835,22658,2.83,22618,2.824
2026-05-31T14:38:03,20.3,48.3,21515,2.687,22704,2.835,22667,2.83,22621,2.825
2026-05-31T14:53:03,20.4,48.6,21514,2.687,22700,2.835,22659,2.83,22616,2.824
2026-05-31T14:57:43,29.1,49.2,20081,2.512,21614,2.699,21620,2.701,21484,2.686
2026-06-17T10:00:24,29.1,49.1,12449,1.558,12769,1.6,11892,1.49,14273,1.781
